timestep,Channel_0,Channel_1,Channel_2,Channel_3,Channel_4,Channel_5,Channel_6,Channel_7,Channel_8,Channel_9,Channel_10,Channel_11
0,-0.354804,0.016699,0.082232,-0.057917,-0.024658,-0.021593,0.002884,-0.096405,-0.003145,0.056507,-0.012503,0.305155
1,-0.132510,0.030323,0.058219,-0.001302,-0.039844,-0.015621,0.001414,-0.115222,-0.003145,-0.002653,0.002379,0.269205
2,-0.217140,0.096275,0.043323,0.012422,-0.009978,-0.006321,0.002398,-0.126720,0.000022,0.162336,-0.016724,0.251290
3,-0.151253,0.032814,0.015203,-0.026464,-0.060902,-0.012760,0.003553,-0.136724,0.003125,-0.046244,-0.008205,0.244420
4,-0.088586,0.016018,0.007951,-0.027762,-0.006094,-0.009050,0.000569,-0.113542,0.001832,-0.157449,-0.015087,0.251716
5,-0.202093,0.058728,0.042164,-0.054410,-0.015296,-0.020056,0.004433,-0.131663,0.000721,-0.187141,-0.006550,0.248045
6,0.028240,0.015435,0.013514,-0.015335,-0.013011,-0.018169,-0.000273,-0.145631,0.006109,0.280444,-0.009799,0.289831
7,-0.121572,0.019550,0.012681,-0.044100,-0.001908,-0.016623,0.003140,-0.110163,0.003055,0.018692,-0.003713,0.296442
8,0.000000,0.000000,0.000000,0.000000,0.000000,0.000000,0.000000,0.000000,0.000000,0.000000,0.000000,0.000000
